0;b'\x88hello world\r\n'
30;b'hello world\r\n'
60;b'hello world\r\n'
90;b'hello world\r\n'
120;b'hello world\r\n'
150;b'hello world\r\n'
180;b'hello world\r\n'
210;b'hello world\r\n'
240;b'hello world\r\n'
270;b'hello world\r\n'
300;b'hello world\r\n'
330;b'hello world\r\n'
360;b'hello world\r\n'
390;b'hello world\r\n'
420;b'hello world\r\n'
450;b'hello world\r\n'
480;b'hello world\r\n'
510;b'hello world\r\n'
540;b'hello world\r\n'
570;b'hello world\r\n'
600;b'hello world\r\n'
630;b'hello world\r\n'
660;b'hello world\r\n'
690;b'hello world\r\n'
720;b'hello world\r\n'
750;b'hello world\r\n'
780;b'hello world\r\n'
810;b'hello world\r\n'
840;b'hello world\r\n'
870;b'hello world\r\n'
900;b'hello world\r\n'
930;b'hello world\r\n'
960;b'hello world\r\n'
990;b'hello world\r\n'
1020;b'hello world\r\n'
1050;b'hello world\r\n'
1080;b'hello world\r\n'
1110;b'hello world\r\n'
1140;b'hello world\r\n'
1170;b'hello world\r\n'
1200;b'hello world\r\n'
1230;b'hello world\r\n'
1260;b'hello world\r\n'
1290;b'hello world\r\n'
1320;b'hello world\r\n'
1350;b'hello world\r\n'
1380;b'hello world\r\n'
1410;b'hello world\r\n'
1440;b'hello world\r\n'
1470;b'hello world\r\n'
1500;b'hello world\r\n'
1530;b'hello world\r\n'
1560;b'hello world\r\n'
1590;b'hello world\r\n'
1620;b'hello world\r\n'
1650;b'hello world\r\n'
1680;b'hello world\r\n'
1710;b'hello world\r\n'
1740;b'hello world\r\n'
1770;b'hello world\r\n'
1800;b'hello world\r\n'
1830;b'hello world\r\n'
1860;b'hello world\r\n'
1890;b'hello world\r\n'
1920;b'hello world\r\n'
1950;b'hello world\r\n'
1980;b'hello world\r\n'
